{"cameraMode":{"drawMode":0,"name":"Shaded","section":"Shading Mode"},"sceneLighting":false,"audioPlay":false,"sceneViewState":{"m_AlwaysRefresh":false,"showFog":true,"showSkybox":false,"showFlares":true,"showImageEffects":true,"showParticleSystems":true,"showVisualEffectGraphs":true,"m_FxEnabled":true},"in2DMode":false,"pivot":{"x":-2.3793294429779054,"y":2.047098159790039,"z":-2.4305784702301027},"rotation":{"x":-0.32142725586891177,"y":-0.3160206973552704,"z":0.11477212607860565,"w":-0.8852132558822632},"size":0.48989811539649966,"orthographic":false}